smd,full_name,first_name,middle_name,last_name,suffix,is_chair
1A01,Layla Bonnot,Layla,,Bonnot,,
1A02,Teresa A. Edmondson,Teresa,A.,Edmondson,,
1A03,Zach Rybarczyk,Zach,,Rybarczyk,,
1A04,Matthew Goldschimdt,Matthew,,Goldschimdt,,
1A05,Christine Miller,Christine,,Miller,,
1A06,Angelica Castañon,Angelica,,Castañon,,
1A07,Jen Bundy,Jen,,Bundy,,
1A08,Kent C. Boese,Kent,C.,Boese,,TRUE
1A09,Michael Wray,Michael,,Wray,,
1A10,Rashida Brown,Rashida,,Brown,,
1A11,Dotti Love Wade,Dotti,Love,Wade,,
1A12,Jason Clock,Jason,,Clock,,
1B01,Anita Norman,Anita,,Norman,,
1B02,Dan Orlaskey,Dan,,Orlaskey,,
1B03,Sedrick Muhammad,Sedrick,,Muhammad,,
1B04,Deborah Thomas,Deborah,,Thomas,,
1B06,Jennifer Bristol,Jennifer,,Bristol,,
1B07,Marcia Shia,Marcia,,Shia,,
1B08,Joshua R. Mater,Joshua,R.,Mater,,
1B09,James A. Turner,James,A.,Turner,,TRUE
1B10,Danny Delaney,Danny,,Delaney,,
1B11,Robb Hudson,Robb,,Hudson,,
1B12,Dan Winston,Dan,,Winston,,
1C01,Amir Irani,Amir,,Irani,,TRUE
1C03,Ted Guthrie,Ted,,Guthrie,,
1C04,John V. Zottoli,John,V.,Zottoli,,
1C05,Damiana Dendy,Damiana,,Dendy,,
1C06,Michaela Wright,Michaela,,Wright,,
1C07,Japer Bowles,Japer,,Bowles,,
1C08,Chris Jackson,Chris,,Jackson,,
1D01,Jon Stewart,Jon,,Stewart,,
1D02,Robin Sandenburgh,Robin,,Sandenburgh,,TRUE
1D03,Jack McKay,Jack,,McKay,,
1D04,Yasmin Romero-Latin,Yasmin,,Romero-Latin,,
1D05,Chelsea A. Allinger,Chelsea,A.,Allinger,,
2A01,Patrick Kennedy,Patrick,,Kennedy,,
2A02,Nicole Goldin,Nicole,,Goldin,,
2A03,Trupti J. Patel,Trupti,J.,Patel,,
2A04,William Kennedy Smith,William,,Kennedy Smith,,
2A05,Philip J. Schrefer,Philip,J.,Schrefer,,
2A06,Jeri Epstein,Jeri,,Epstein,,
2A07,Detrick Campbell,Detrick,,Campbell,,
2A08,James Harnett,James,,Harnett,,TRUE
2B01,Matthew H Sampson,Matthew,H.,Sampson,,
2B02,Daniel Warwick,Daniel,,Warwick,,TRUE
2B04,Aaron Landry,Aaron,,Landry,,
2B05,Randy D. Downs,Randy,D.,Downs,,
2B06,Mike Silverstein,Mike,,Silverstein,,
2B07,Kari Cunningham,Kari,,Cunningham,,
2B08,Beverly Schwartz,Beverly,,Schwartz,,
2B09,Ed Hanlon,Ed,,Hanlon,,
2C01,Michael D. Shankle,Michael,D.,Shankle,,
2C02,Jamaal T. Burton,Jamaal,T.,Burton,,
2C03,Kevin Wilsey,Kevin,,Wilsey,,TRUE
2D01,David R. Bender,David,R.,Bender,,TRUE
2D02,Jeff Nestler,Jeff,,Nestler,,
2.00E+01,Kishan Putta,Kishan,,Putta,,
2.00E+02,Joe Gibbons,Joe,,Gibbons,,
2.00E+03,Rick Murphy,Rick,,Murphy,,TRUE
2.00E+04,Anna Landre,Anna,,Landre,,
2.00E+05,Lisa Palmer,Lisa,,Palmer,,
2.00E+06,Gwendolyn Lohse,Gwendolyn,,Lohse,,
2.00E+07,Elizabeth H. Miller,Elizabeth,H.,Miller,,
2.00E+08,Matias Burdman,Matias,,Burdman,,
2F01,Jason Forman,Jason,,Forman,,
2F02,John Guggenmos,John,,Guggenmos,,
2F03,John Bottino,John,,Bottino,,
2F04,John Fanning,John,,Fanning,,TRUE
2F05,Madeleine G. Stirling,Madeleine,G.,Stirling,,
2F06,Ian D. Simon,Ian,D.,Simon,,
2F07,Kevin J. Sylvester,Kevin,J.,Sylvester,,
2F08,Janice Ferebee,Janice,,Ferebee,,
3B01,Ann Lane Mladinov,Ann,,Lane Mladinov,,
3B02,Jackie Blumenthal,Jackie,,Blumenthal,,
3B03,Melissa Lane,Melissa,,Lane,,
3B04,Mary C. Young,Mary,C.,Young,,
3B05,Brian G. Turmail,Brian,G.,Turmail,,TRUE
3C01,Lee Brian Reba,Lee Brian,,Reba,,
3C02,Jason Fink,Jason,,Fink,,
3C03,Jimmy Dubois,Jimmy,,Dubois,,
3C04,"Robert ""Beau"" Finley","Robert ""Beau""",,Finley,,
3C06,Angela Bradbery,Angela,,Bradbery,,
3C07,Maureen Kinlan Boucher,Maureen,,Kinlan Boucher,,
3C08,Victoria Gersten,Victoria,,Gersten,,
3C09,Nancy J. MacWood,Nancy,J.,MacWood,,TRUE
3D01,Chuck Elkins,Chuck,,Elkins,,TRUE
3D02,Troy Kravitz,Troy,,Kravitz,,
3D03,Paige Ela,Paige,,Ela,,
3D04,Michael Sriqui,Michael,,Sriqui,,
3D05,Alan Karnofsky,Alan,,Karnofsky,,
3D06,Virginia Gorsevski,Virginia,,Gorsevski,,
3D07,Taylor Berlin,Taylor,,Berlin,,
3D08,Christine Warnke,Christine,,Warnke,,
3D09,J.P. Szymkowicz,J.P.,,Szymkowicz,,
3D10,Jeremy Del Moral,Jeremy,,Del Moral,,
3.00E+01,Greg Ehrhardt,Greg,,Ehrhardt,,
3.00E+02,Amy B. Hall,Amy,B.,Hall,,
3.00E+03,Jonathan Bender,Jonathan,,Bender,,TRUE
3.00E+04,Tom Quinn,Tom,,Quinn,,
3.00E+05,Jonathan McHugh,Jonathan,,McHugh,,
3F01,David Cristeal,David,,Cristeal,,
3F02,Carolinn A Kuebler,Carolinn,A.,Kuebler,,
3F03,Naomi Rutenberg,Naomi,,Rutenberg,,
3F04,Leah Frelinghuysen,Leah,,Frelinghuysen,,
3F05,Andrea Molod,Andrea,,Molod,,
3F06,Monika Nemeth,Monika,,Nemeth,,TRUE
3G01,Abraham Clayman,Abraham,,Clayman,,
3G02,Chanda Tuck Garfield,Chanda,,Tuck Garfield,,
3G03,Randy Speck,Randy,,Speck,,TRUE
3G04,Rebecca Maydak,Rebecca,,Maydak,,
3G05,Jerry Malitz,Jerry,,Malitz,,
3G06,Dan Bradfield,Dan,,Bradfield,,
3G07,Chris Fromboluti,Chris,,Fromboluti,,
4A01,Phyllis Caudle Green,Phyllis,,Caudle Green,,
4A02,Stacey Lincoln,Stacey,,Lincoln,,
4A03,Stephen A. Whatley,Stephen,A.,Whatley,,
4A04,Patience Singleton,Patience,,Singleton,,
4A06,Candace Tiana Nelson,Candace,,Tiana Nelson,,
4A07,Marlene Moss,Marlene,,Moss,,
4A08,Gale B. Black,Gale,B.,Black,,TRUE
4B01,Evan Yeats,Evan,,Yeats,,
4B02,Erin Palmer,Erin,,Palmer,,
4B03,Scot Knickerbocker,Scot,,Knickerbocker,,
4B04,Brenda Parks,Brenda,,Parks,,TRUE
4B05,Perry Redd,Perry,,Redd,,
4B06,Tiffani Nichole Johnson,Tiffani,,Nichole Johnson,,
4B07,Geoff Bromaghim,Geoff,,Bromaghim,,
4B08,Alison Brooks,Alison,,Brooks,,
4B09,LaRoya A. Huff,LaRoya,A.,Huff,,
4C01,Charlotte Nugent,Charlotte,,Nugent,,TRUE
4C02,Maria Barry,Maria,,Barry,,
4C03,Ulysses E. Campbell,Ulysses,E.,Campbell,,
4C04,Nora Simon,Nora,,Simon,,
4C05,Debbie Matties,Debbie,,Matties,,
4C06,Bennett Hilley,Bennett,,Hilley,,
4C07,Kim Varzi,Kim,,Varzi,,
4C08,Leah Anderson,Leah,,Anderson,,
4C09,Tearsa Coates,Tearsa,,Coates,,
4C10,Jonah Goodman,Jonah,,Goodman,,
4D01,Peter Tabor,Peter,,Tabor,,
4D02,Renée L. Bowser,Renée,L.,Bowser,,TRUE
4D03,Aaron Polkey,Aaron,,Polkey,,
4D04,Jamie Barden,Jamie,,Barden,,
4D05,Krystal Branton,Krystal,,Branton,,
4D06,Jonathan Nobil,Jonathan,,Nobil,,
5A01,Frank Wilds,Frank,,Wilds,,
5A02,Grace J. Lewis,Grace,J.,Lewis,,
5A03,Emily Singer Lucio,Emily,,Singer Lucio,,
5A05,Ronnie Edwards,Ronnie,,Edwards,,TRUE
5A06,Claudia Barragan,Claudia,,Barragan,,
5A07,Sandi Washington,Sandi,,Washington,,
5A08,Gordon-Andrew Fletcher,Gordon-Andrew,,Fletcher,,
5B01,Gayle Carley,Gayle,,Carley,,
5B02,Ursula Higgins,Ursula,,Higgins,,TRUE
5B03,Henri Makembe,Henri,,Makembe,,
5B04,Ra Amin,Ra,,Amin,,
5B05,Landon Jones,Landon,,Jones,,
5C01,Gail Brevard,Gail,,Brevard,,
5C02,Lauren Rogers,Lauren,,Rogers,,
5C03,Pierre Hines,Pierre,,Hines,,
5C04,Jacqueline Manning,Jacqueline,,Manning,,TRUE
5C05,Darlene Oliver,Darlene,,Oliver,,
5C06,Kirsten Williams,Kirsten,,Williams,,
5C07,Jeremiah Montague Jr.,Jeremiah,,Montague,Jr.,
5D01,Ryan Linehan,Ryan,,Linehan,,
5D02,Keisha L. Shropshire,Keisha,L.,Shropshire,,
5D03,Steven C. Motley Sr,Steven,C.,Motley,Sr.,
5D04,Bernice S Blacknell,Bernice,S.,Blacknell,,
5D05,Sydelle Moore,Sydelle,,Moore,,
5D07,Clarence Lee,Clarence,,Lee,,TRUE
5.00E+01,Nick Cheolas,Nick,,Cheolas,,
5.00E+02,Patricia Williams,Patricia,,Williams,,
5.00E+03,Cortney Segmen,Cortney,,Segmen,,
5.00E+04,Sylvia M. Pinkney,Sylvia,M.,Pinkney,,
5.00E+05,Bradley Ashton Thomas,Bradley,Ashton,Thomas,,TRUE
5.00E+06,Karla M. Lewis,Karla,M.,Lewis,,
5.00E+07,Bertha G. Holliday,Bertha,G.,Holliday,,
5.00E+08,Robert Vinson Brannum,Robert,Vinson,Brannum,,
5.00E+09,Dianne Barnes,Dianne,,Barnes,,
5.00E+10,Nancy Darlene Jones,Nancy,Darlene,Jones,,
6A01,Marie-Claire Brown,Marie-Claire,,Brown,,
6A02,Phil Toomajian,Phil,,Toomajian,,
6A03,Mike Soderman,Mike,,Soderman,,
6A04,Amber Gove,Amber,,Gove,,TRUE
6A05,Ruth Ann Hudson,Ruth,Ann,Hudson,,
6A06,Stephanie Zimny,Stephanie,,Zimny,,
6A07,Sondra Phillips-Gilbert,Sondra,,Phillips-Gilbert,,
6A08,Brian Alcorn,Brian,,Alcorn,,
6B01,Jennifer E. Samolyk,Jennifer,E.,Samolyk,,
6B02,Gerald Sroufe,Gerald,,Sroufe,,
6B03,Brian Ready,Brian,,Ready,,TRUE
6B04,Kirsten Oldenburg,Kirsten,,Oldenburg,,
6B05,Steve Holtzman,Steve,,Holtzman,,
6B06,Corey Holman,Corey,,Holman,,
6B07,Kelly Waud,Kelly,,Waud,,
6B08,Chander Jayaraman,Chander,,Jayaraman,,
6B10,Kathryn Denise Rucker Krepp,Kathryn,Denise,Rucker Krepp,,
6C01,Christine Healey,Christine,,Healey,,
6C02,Karen Wirt,Karen,,Wirt,,TRUE
6C03,Jay Adelstein,Jay,,Adelstein,,
6C04,Mark Eckenwiler,Mark,,Eckenwiler,,
6C05,Joel Kelty,Joel,,Kelty,,
6C06,Drew Courtney,Drew,,Courtney,,
6D01,Gail Fast,Gail,,Fast,,TRUE
6D02,Anna Forgie,Anna,,Forgie,,
6D03,Ronald R. Collins,Ronald,R.,Collins,,
6D04,Andy Litsky,Andy,,Litsky,,
6D05,Fredrica Kramer,Fredrica,,Kramer,,
6D06,Rhonda N. Hamilton,Rhonda,N.,Hamilton,,
6D07,Edward Daniels,Edward,,Daniels,,
6.00E+01,"Alexander M. ""Alex"" Padro","Alexander ""Alex""",M.,Padro,,
6.00E+02,Michael J. Brown,Michael,J.,Brown,,
6.00E+03,Frank S. Wiggins,Frank,S.,Wiggins,,
6.00E+04,Rachelle Nigro,Rachelle,,Nigro,,TRUE
6.00E+05,Alex Marriott,Alex,,Marriott,,
6.00E+06,Alvin Judd Sr.,Alvin,,Judd,Sr.,
6.00E+07,Kevin M. Rogers,Kevin,M.,Rogers,,
7B01,Patricia Howard-Chittams,Patricia,,Howard-Chittams,,
7B02,Tiffany L. Brown,Tiffany,L.,Brown,,
7B03,Benjamin Crane,Benjamin,,Crane,,
7B04,Nicole Smith-McDermott,Nicole,,Smith-McDermott,,
7B05,"Villareal ""VJ"" Johnson II","Villareal ""VJ""",,Johnson,II,
7B06,April Pradier,April,,Pradier,,
7B07,D. L. Humphrey,D. L.,,Humphrey,,TRUE
7C01,Patricia A. Malloy,Patricia,A.,Malloy,,
7C03,Catherine A. Woods,Catherine,A.,Woods,,
7C04,Anthony Lorenzo Green,Anthony,Lorenzo,Green,,
7C05,Mary L. Gaffney,Mary,L.,Gaffney,,
7C06,Arnold Smith,Arnold,,Smith,,
7C07,Antawan Holmes,Antawan,,Holmes,,TRUE
7D01,Tamara Blair,Tamara,,Blair,,
7D02,Siraaj M. Hasan,Siraaj,M.,Hasan,,TRUE
7D03,Dorothy Douglas,Dorothy,,Douglas,,
7D04,Cinque E. Culver,Cinque,E.,Culver,,
7D05,Aretha Jackson,Aretha,,Jackson,,
7D07,Artilie Wright,Artilie,,Wright,,
7.00E+01,Veda Rasheed,Veda,,Rasheed,,
7.00E+02,Linda S. Green,Linda,S.,Green,,
7.00E+03,Ebbon A. Allen,Ebbon,A.,Allen,,
7.00E+04,Takiyah Tate,Takiyah,,Tate,,
7.00E+05,Victor L. Horton,Victor,L.,Horton,,
7.00E+06,Delia Houseal,Delia,,Houseal,,TRUE
7.00E+07,Yolanda Fields,Yolanda,,Fields,,
7F01,Tyrell M. Holcomb,Tyrell,M.,Holcomb,,TRUE
7F02,Terrance Hunter,Terrance,,Hunter,,
7F03,Sheila Carson Carr,Sheila,,Carson Carr,,
7F04,Charlene Exum,Charlene,,Exum,,
7F05,Brittany N. Hughes,Brittany,N.,Hughes,,
7F06,Carol E. Fletcher,Carol,E.,Fletcher,,
8A01,Holly Muhammad,Holly,,Muhammad,,
8A02,Barbara J. Clark,Barbara,J.,Clark,,
8A03,Brian K Thompson,Brian,K.,Thompson,,
8A04,Troy Donte Prestwood,Troy,Donte,Prestwood,,TRUE
8A05,Dorcas Agyei,Dorcas,,Agyei,,
8A06,Tyón Jones,Tyón,,Jones,,
8A07,Hanna Baker,Hanna,,Baker,,
8B01,Leonard Lee Watson Jr.,Leonard,Lee,Watson,Jr.,
8B02,Paul Trantham,Paul,,Trantham,,
8B03,Charles H. Wilson,Charles,H.,Wilson,,
8B04,Darrell Danny Gaston,"Darrell ""Danny""",,Gaston,,
8B05,Betty Scippio,Betty,,Scippio,,
8B06,Humam Abdulmalik,Humam,,Abdulmalik,,
8B07,Keeon Johnson,Keeon,,Johnson,,TRUE
8C01,Mike Austin,Mike,,Austin,,TRUE
8C02,Chyla D. Evans,Chyla,D.,Evans,,
8C03,Robinette Woodland,Robinette,,Woodland,,
8C04,Regina Sharlita Pixley,Regina,,Sharlita Pixley,,
8C05,Mustafa Abdul-Salaam,Mustafa,,Abdul-Salaam,,
8C06,Rhonda L. Edwards-Hines,Rhonda,L.,Edwards-Hines,,
8C07,Salim Adofo,Salim,,Adofo,,
8D01,Patricia Carmon,Patricia,,Carmon,,
8D02,Olivia L. Henderson,Olivia,L.,Henderson,,TRUE
8D03,Absalom Jordan,Absalom,,Jordan,,
8D04,Monique T. Diop,Monique,T.,Diop,,
8D05,Ellen Armstead,Ellen,,Armstead,,
8D06,LaVerne R. Glenn,LaVerne,R.,Glenn,,
8D07,Constance Mobley,Constance,,Mobley,,
8.00E+01,Adeoye Owolewa,Adeoye,,Owolewa,,
8.00E+02,Cheryl Moore,Cheryl,,Moore,,
8.00E+03,Monica Watts,Monica,,Watts,,
8.00E+04,Kendall Simmons,Kendall,,Simmons,,
8.00E+05,Christopher L. Hawthorne,Christopher,L.,Hawthorne,,
8.00E+06,Karlene Armstead,Karlene,,Armstead,,
8.00E+07,Stephen A. Slaughter,Stephen,A.,Slaughter,,TRUE